{
  "IcoMoonType": "selection",
  "icons": [
    {
      "icon": {
        "paths": [
          "M0 0v1024h1024v-1024h-1024zM447.488 352.939l235.989 138.368-29.269 49.579-236.032-138.368 29.312-49.579zM385.365 485.76l263.893 74.197-14.123 52.48-264.704-71.125 14.933-55.552zM356.693 605.781l277.248 27.733-5.035 54.613-277.504-25.003 5.291-57.344zM348.459 711.125h284.459v56.875h-284.459v-56.875zM725.333 853.333h-469.333v-298.667h42.667v256h384v-256h42.667v298.667zM688.981 481.963l-151.893-222.677 47.573-32.427 151.851 222.677-47.531 32.427zM746.837 446.080l-46.080-265.557 56.661-9.856 46.123 265.557-56.704 9.856z"
        ],
        "attrs": [
          {}
        ],
        "isMulticolor": false,
        "isMulticolor2": false,
        "grid": 0,
        "tags": [
          "iconmonstr-stackoverflow-2"
        ]
      },
      "attrs": [
        {}
      ],
      "properties": {
        "order": 11,
        "id": 0,
        "name": "stackoverflow",
        "prevSize": 32,
        "code": 59650
      },
      "setIdx": 0,
      "setId": 6,
      "iconIdx": 0
    },
    {
      "icon": {
        "paths": [
          "M20 20l-20 19.2v945.6l20 19.2 19.2 20h945.6l19.2-20 20-19.2v-945.6l-20-19.2-19.2-20h-945.6l-19.2 20zM292.8 163.2c23.2 23.2 27.2 32.8 27.2 64.8s-4 41.6-27.2 64.8c-23.2 23.2-32.8 27.2-64.8 27.2s-41.6-4-64.8-27.2c-23.2-23.2-27.2-32.8-27.2-64.8s4-41.6 27.2-64.8c23.2-23.2 32.8-27.2 64.8-27.2s41.6 4 64.8 27.2zM789.6 384.8c24 12 41.6 28 56.8 53.6l21.6 37.6 2.4 197.6 2.4 198.4h-152.8v-134.4c-0.8-202.4-10.4-230.4-76-228.8-73.6 1.6-85.6 30.4-90.4 216.8l-4 146.4h-149.6v-488h144v57.6l29.6-25.6c41.6-36.8 70.4-47.2 129.6-48 36.8 0 61.6 4.8 86.4 16.8zM304 628v244h-152v-488h152v244z"
        ],
        "attrs": [
          {}
        ],
        "width": 1112,
        "isMulticolor": false,
        "isMulticolor2": false,
        "grid": 0,
        "tags": [
          "In-2C-128px-R"
        ]
      },
      "attrs": [
        {}
      ],
      "properties": {
        "order": 5,
        "id": 1,
        "name": "linkedin",
        "prevSize": 32,
        "code": 59648
      },
      "setIdx": 3,
      "setId": 3,
      "iconIdx": 0
    },
    {
      "icon": {
        "paths": [
          "M342.4 16c-137.6 43.2-288 196.8-326.4 332.8-24 88-19.2 259.2 9.6 344 46.4 139.2 238.4 308.8 331.2 296 27.2-3.2 36.8-17.6 40-56 4.8-46.4 0-52.8-32-52.8-73.6 0-110.4-20.8-156.8-89.6-54.4-80-41.6-92.8 20.8-22.4 33.6 38.4 56 48 105.6 48 44.8 0 64-8 72-27.2 4.8-16 14.4-38.4 19.2-49.6 6.4-11.2-3.2-19.2-25.6-19.2-17.6 0-60.8-14.4-94.4-32-97.6-48-142.4-195.2-89.6-288 12.8-22.4 22.4-70.4 24-108.8 0-72 19.2-83.2 84.8-48 19.2 9.6 102.4 17.6 187.2 17.6s168-8 187.2-17.6c65.6-35.2 84.8-24 84.8 48 1.6 38.4 11.2 86.4 24 108.8 52.8 92.8 8 240-89.6 288-33.6 17.6-75.2 32-94.4 32-33.6 0-41.6 16-17.6 41.6 9.6 8 17.6 60.8 20.8 118.4 4.8 92.8 8 104 40 108.8 96 14.4 286.4-158.4 332.8-302.4 38.4-112 27.2-316.8-20.8-409.6-52.8-100.8-118.4-168-214.4-220.8-73.6-40-104-48-228.8-51.2-78.4-1.6-166.4 3.2-193.6 11.2z"
        ],
        "attrs": [
          {}
        ],
        "isMulticolor": false,
        "isMulticolor2": false,
        "grid": 0,
        "tags": [
          "GitHub-Mark-64px"
        ]
      },
      "attrs": [
        {}
      ],
      "properties": {
        "order": 6,
        "id": 0,
        "name": "github",
        "prevSize": 32,
        "code": 59649
      },
      "setIdx": 3,
      "setId": 3,
      "iconIdx": 1
    }
  ],
  "height": 1024,
  "metadata": {
    "name": "icomoon"
  },
  "preferences": {
    "showGlyphs": true,
    "showQuickUse": true,
    "showQuickUse2": true,
    "showSVGs": true,
    "fontPref": {
      "prefix": "icon-",
      "metadata": {
        "fontFamily": "icomoon"
      },
      "metrics": {
        "emSize": 1024,
        "baseline": 6.25,
        "whitespace": 50
      },
      "embed": false
    },
    "imagePref": {
      "prefix": "icon-",
      "png": true,
      "useClassSelector": true,
      "color": 0,
      "bgColor": 16777215,
      "classSelector": ".icon"
    },
    "historySize": 50,
    "showCodes": true,
    "gridSize": 16
  }
}